{"stats":{"minecraft:used":{"minecraft:stone_bricks":8,"waystones:waystone":1,"create:encased_chain_drive":1,"minecraft:dirt":15,"minecraft:flint_and_steel":1,"minecraft:tnt":26,"minecraft:grass_block":1},"minecraft:custom":{"minecraft:time_since_rest":14772,"minecraft:crouch_one_cm":26,"minecraft:waystone_activated":3,"minecraft:sprint_one_cm":16445,"minecraft:play_time":14772,"minecraft:walk_one_cm":21063,"minecraft:sneak_time":82,"minecraft:jump":99,"minecraft:leave_game":2,"minecraft:time_since_death":14772,"minecraft:total_world_time":14772,"minecraft:fall_one_cm":267,"minecraft:fly_one_cm":40937},"minecraft:picked_up":{"minecraft:birch_log":3,"minecraft:stick":2,"minecraft:torch":3,"minecraft:wheat_seeds":1,"minecraft:dirt":193,"minecraft:cobblestone":19},"minecraft:mined":{"minecraft:birch_leaves":4}},"DataVersion":3465}