{"stats":{"minecraft:used":{"minecraft:stone_bricks":8,"waystones:waystone":2,"create:encased_chain_drive":1,"minecraft:dirt":15,"minecraft:flint_and_steel":1,"minecraft:tnt":26,"minecraft:grass_block":1,"minecraft:chest":1},"minecraft:custom":{"minecraft:time_since_rest":19132,"minecraft:crouch_one_cm":26,"minecraft:waystone_activated":4,"minecraft:sprint_one_cm":16855,"minecraft:play_time":19132,"minecraft:walk_one_cm":23441,"minecraft:sneak_time":82,"minecraft:jump":103,"minecraft:leave_game":3,"minecraft:time_since_death":19132,"minecraft:total_world_time":19132,"minecraft:fall_one_cm":267,"minecraft:fly_one_cm":41859,"minecraft:open_chest":9},"minecraft:picked_up":{"minecraft:birch_log":3,"minecraft:stick":2,"minecraft:torch":3,"minecraft:wheat_seeds":1,"minecraft:dirt":193,"minecraft:cobblestone":19},"minecraft:mined":{"minecraft:birch_leaves":4}},"DataVersion":3465}