{"stats":{"minecraft:custom":{"minecraft:jump":65,"minecraft:time_since_rest":10573,"minecraft:waystone_activated":3,"minecraft:crouch_one_cm":26,"minecraft:leave_game":2,"minecraft:play_time":10573,"minecraft:sprint_one_cm":11261,"minecraft:time_since_death":10573,"minecraft:walk_one_cm":9050,"minecraft:sneak_time":82,"minecraft:total_world_time":10573,"minecraft:fall_one_cm":267,"minecraft:fly_one_cm":37355},"minecraft:picked_up":{"minecraft:birch_log":3,"minecraft:stick":2,"minecraft:wheat_seeds":1,"minecraft:dirt":193,"minecraft:cobblestone":19},"minecraft:used":{"waystones:waystone":1,"minecraft:flint_and_steel":1,"minecraft:tnt":26},"minecraft:mined":{"minecraft:birch_leaves":4}},"DataVersion":3465}