{"stats":{"minecraft:used":{"create:deployer":4,"minecraft:spruce_slab":5,"minecraft:dead_brain_coral":1,"farmersdelight:cabbage_seeds":15,"minecraft:chest":48,"minecraft:stone":7,"minecraft:soul_sand":9,"create:white_sail":56,"create:mechanical_crafter":62,"minecraft:deepslate_brick_slab":2,"create:depot":1,"minecraft:stripped_spruce_log":1,"minecraft:lava_bucket":52,"minecraft:grass_block":122,"minecraft:birch_sapling":2,"minecraft:netherite_hoe":2,"minecraft:dark_oak_slab":8,"farmersdelight:bacon_sandwich":11,"create:stockpile_switch":1,"minecraft:sweet_berries":2,"create:shaft":155,"supplementaries:ash":20,"minecraft:yellow_glazed_terracotta":12,"minecraft:oak_sapling":20,"minecraft:furnace":3,"minecraft:potato":30,"pizzacraft:raw_pizza":4,"farmersdelight:hamburger":1,"pizzacraft:oven":1,"minecraft:deepslate_brick_wall":12,"minecraft:leather_leggings":2,"minecraft:cow_spawn_egg":9,"minecraft:powered_rail":12,"minecraft:wooden_pickaxe":19,"minecraft:composter":1,"minecraft:clay":14,"butchersdelight:skullcow":2,"minecraft:dark_oak_trapdoor":23,"minecraft:sand":13,"mca:female_villager_spawn_egg":33,"farmersdelight:rice":8,"minecraft:stone_button":1,"farmersdelight:noodle_soup":1,"pizzacraft:broccoli_seeds":3,"minecraft:diamond_sword":241,"create:basin":10,"minecraft:poisonous_potato":1,"minecraft:dark_oak_fence":68,"farmersdelight:spruce_cabinet":6,"goblintraders:goblin_trader_spawn_egg":1,"minecraft:birch_log":15,"pizzacraft:andesite_basin":1,"apollyon:the_damned_spawn_egg":2,"minecraft:enchanting_table":1,"minecraft:stone_sword":47,"minecraft:carved_pumpkin":1,"pizzacraft:pizza_station":1,"minecraft:tinted_glass":15,"minecraft:netherrack":196,"minecraft:torch":230,"minecraft:brewing_stand":1,"minecraft:warped_wart_block":2,"minecraft:anvil":1,"minecraft:dead_tube_coral":1,"sophisticatedbackpacks:netherite_backpack":1,"pizzacraft:oak_chopping_board":1,"farmersdelight:beef_patty":1,"create:wrench":330,"create:gearbox":47,"minecraft:iron_block":30,"minecraft:iron_axe":183,"minecraft:slime_block":8,"minecraft:chicken_spawn_egg":4,"create:creative_motor":5,"minecraft:diamond_chestplate":2,"create:encased_chain_drive":311,"minecraft:basalt":4,"farmersdelight:cooking_pot":2,"farmersdelight:tomato_seeds":6,"minecraft:cobbled_deepslate":25,"minecraft:observer":2,"create:belt_connector":62,"minecraft:pointed_dripstone":2,"minecraft:wheat_seeds":43,"farmersdelight:iron_knife":373,"minecraft:water_bucket":60,"minecraft:birch_planks":1,"minecraft:cauldron":3,"pizzacraft:cucumber_seeds":2,"minecraft:sheep_spawn_egg":8,"minecraft:leather_boots":1,"skinnedlanterns:bee_lantern_block":3,"minecraft:diamond_block":10,"pizzacraft:pepper_seeds":3,"create:encased_fan":22,"minecraft:tnt":11,"minecraft:crafting_table":5,"supplementaries:bomb":2,"minecraft:campfire":1,"minecraft:white_bed":11,"minecraft:dark_oak_fence_gate":6,"create:filter":4,"pizzacraft:pineapple_seeds":3,"minecraft:oak_log":4,"minecraft:light":1,"minecraft:diamond_pickaxe":4924,"minecraft:diamond_shovel":551,"minecraft:iron_pickaxe":251,"minecraft:pig_spawn_egg":4,"create:water_wheel":11,"minecraft:leather_helmet":1,"minecraft:spruce_trapdoor":6,"create:mechanical_arm":132,"minecraft:chiseled_stone_bricks":1,"minecraft:cobblestone":93,"minecraft:potion":6,"create:clutch":14,"create:redstone_link":2,"minecraft:diamond_leggings":2,"minecraft:iron_shovel":162,"pizzacraft:dough":3,"minecraft:diamond_hoe":11,"minecraft:oak_sign":6,"create:portable_storage_interface":4,"farmersdelight:stove":5,"minecraft:shield":4,"pizzacraft:cheese_block":2,"minecraft:iron_sword":18,"butchersdelight:hook":6,"minecraft:nether_wart":9,"create:mechanical_bearing":2,"minecraft:debug_stick":1,"farmersdelight:rich_soil_farmland":58,"create:cogwheel":28,"minecraft:nether_bricks":60,"minecraft:carrot":18,"minecraft:tuff":1,"minecraft:axolotl_bucket":2,"minecraft:milk_bucket":1,"minecraft:obsidian":13,"minecraft:glass":147,"minecraft:stone_bricks":742,"minecraft:birch_trapdoor":2,"minecraft:repeater":2,"farmersdelight:cutting_board":11,"minecraft:scaffolding":41,"create:mechanical_drill":37,"pizzacraft:pizza":2,"minecraft:gold_block":1,"minecraft:dark_oak_stairs":13,"minecraft:diamond_boots":2,"create:crushing_wheel":22,"minecraft:birch_leaves":4,"minecraft:stone_pickaxe":46,"minecraft:oak_planks":67,"minecraft:ender_pearl":1,"minecraft:diamond_axe":589,"farmersdelight:organic_compost":4,"create:mechanical_saw":2,"minecraft:brain_coral":1,"minecraft:dead_bubble_coral":3,"minecraft:stone_brick_wall":3,"minecraft:shears":4,"minecraft:redstone_torch":27,"minecraft:sticky_piston":5,"waystones:waystone":3,"minecraft:lever":10,"minecraft:birch_fence_gate":2,"minecraft:dark_oak_log":57,"minecraft:bread":23,"farmersdelight:ham":2,"minecraft:dead_horn_coral":1,"minecraft:dead_horn_coral_fan":2,"create:framed_glass_door":2,"create:vertical_gearbox":24,"minecraft:bone_meal":190,"create:large_cogwheel":2,"pizzacraft:tomato_seeds":3,"minecraft:oak_fence":6,"minecraft:flint_and_steel":3,"create:item_vault":35,"minecraft:redstone":2,"minecraft:dried_kelp":17,"minecraft:spruce_planks":4,"minecraft:stone_hoe":2,"minecraft:dirt":774,"minecraft:spyglass":54,"alexsmobs:maraca":17,"minecraft:white_carpet":2,"minecraft:spruce_stairs":7,"minecraft:diamond_helmet":3,"minecraft:granite":9,"create:chute":13,"create:smart_chute":7,"minecraft:dark_oak_planks":8,"supplementaries:stone_tile_wall":1,"minecraft:wooden_axe":44,"minecraft:bookshelf":23,"minecraft:oak_stairs":4,"create:radial_chassis":3,"minecraft:emerald_block":1,"minecraft:soul_soil":4,"minecraft:deepslate_tile_stairs":9,"minecraft:cooked_beef":24,"minecraft:pumpkin":4,"farmersdelight:fried_egg":1,"create:gearshift":2,"minecraft:cooked_mutton":1,"minecraft:glass_bottle":3,"minecraft:baked_potato":20,"minecraft:birch_boat":1,"minecraft:cobblestone_slab":1,"farmersdelight:onion":21,"minecraft:stripped_dark_oak_log":2,"create:brass_funnel":36,"minecraft:painting":4,"minecraft:piston":2,"minecraft:activator_rail":11,"minecraft:apple":2,"create:mechanical_press":15,"minecraft:dead_fire_coral":2,"create:windmill_bearing":1,"create:large_water_wheel":7,"minecraft:stone_axe":16,"minecraft:fishing_rod":3,"minecraft:bucket":53,"alexsmobs:animal_dictionary":2,"create:hand_crank":3,"minecraft:smooth_stone":8,"minecraft:splash_potion":1},"minecraft:crafted":{"minecraft:blaze_powder":20,"minecraft:birch_boat":1,"minecraft:diamond_shovel":1,"minecraft:cooked_mutton":7,"minecraft:glass":24,"minecraft:diamond_helmet":1,"create:mechanical_press":2,"farmersdelight:bacon_sandwich":8,"create:cogwheel":9,"minecraft:glass_bottle":6,"supplementaries:stone_tile":1,"minecraft:diamond_axe":1,"farmersdelight:iron_knife":1,"minecraft:copper_ingot":60,"farmersdelight:organic_compost":1,"farmersdelight:wheat_dough":6,"create:gearbox":2,"minecraft:iron_pickaxe":1,"minecraft:iron_block":1,"minecraft:gold_ingot":15,"create:large_cogwheel":2,"minecraft:composter":2,"create:white_sail":2,"minecraft:iron_nugget":126,"minecraft:spyglass":2,"minecraft:bone_meal":606,"minecraft:dark_oak_fence":15,"minecraft:deepslate_brick_wall":12,"minecraft:spruce_slab":6,"minecraft:stone_pickaxe":1,"create:electron_tube":1,"minecraft:dark_oak_planks":280,"create:windmill_bearing":1,"farmersdelight:hamburger":3,"mca:engagement_ring":1,"minecraft:enchanting_table":1,"minecraft:dried_kelp":64,"minecraft:deepslate_brick_slab":2,"create:goggles":1,"supplementaries:stone_tile_wall":1,"minecraft:iron_shovel":1,"minecraft:deepslate_tile_stairs":64,"minecraft:iron_leggings":1,"minecraft:white_bed":1,"create:shaft":40,"farmersdelight:diamond_knife":1,"pizzacraft:dough":2,"minecraft:oak_planks":76,"minecraft:stone":506,"minecraft:iron_boots":1,"minecraft:chest":7,"minecraft:copper_block":1,"minecraft:chiseled_stone_bricks":1,"minecraft:stone_bricks":625,"minecraft:oak_slab":6,"minecraft:cauldron":1,"minecraft:crafting_table":4,"minecraft:spruce_planks":12,"minecraft:iron_helmet":1,"create:sand_paper":1,"minecraft:birch_planks":88,"farmersdelight:cutting_board":2,"minecraft:diamond_pickaxe":2,"minecraft:dark_oak_slab":18,"minecraft:iron_chestplate":1,"minecraft:book":1,"minecraft:paper":39,"minecraft:charcoal":65,"create:water_wheel":3,"minecraft:shield":2,"sophisticatedbackpacks:diamond_backpack":1,"minecraft:stick":32,"minecraft:iron_ingot":118,"minecraft:stone_sword":1,"minecraft:dark_oak_fence_gate":1,"minecraft:shears":2,"pizzacraft:flour":2,"create:chute":4,"minecraft:coal":4,"minecraft:fishing_rod":1,"minecraft:stone_brick_wall":1,"create:steam_engine":1,"minecraft:furnace":2,"minecraft:dark_oak_trapdoor":14,"minecraft:diamond_block":3,"supplementaries:bomb":12,"minecraft:iron_axe":1,"create:basin":1,"create:andesite_alloy":61,"create:hand_crank":2,"minecraft:iron_sword":1,"minecraft:bowl":8,"create:large_water_wheel":2,"minecraft:bucket":2,"minecraft:stone_axe":1,"minecraft:bread":3,"minecraft:air":0,"minecraft:blue_dye":1,"create:mechanical_crafter":3,"create:mechanical_drill":2,"minecraft:torch":8},"minecraft:broken":{"minecraft:iron_pickaxe":1,"create:sand_paper":1},"minecraft:killed_by":{"minecraft:zombie":1,"bwrtherain:vapor":1,"minecraft:player":2},"minecraft:mined":{"minecraft:dark_oak_planks":21,"minecraft:white_bed":8,"create:andesite_casing":6,"minecraft:carved_pumpkin":1,"minecraft:obsidian":9,"minecraft:granite":9,"minecraft:stone_brick_wall":1,"minecraft:deepslate_tile_stairs":3,"minecraft:crimson_fungus":3,"create:belt":6,"minecraft:oak_wall_sign":3,"minecraft:nether_wart":10,"minecraft:weeping_vines_plant":2,"minecraft:magma_block":5,"minecraft:dark_oak_trapdoor":9,"minecraft:cobbled_deepslate":15,"minecraft:fire":28,"minecraft:pumpkin":8,"minecraft:deepslate_lapis_ore":6,"minecraft:nether_brick_stairs":2,"minecraft:cave_vines":4,"minecraft:dirt_path":1,"minecraft:small_amethyst_bud":1,"minecraft:iron_block":9,"create:mechanical_press":6,"create:cogwheel":6,"minecraft:crimson_nylium":86,"minecraft:amethyst_cluster":1,"minecraft:torch":15,"farmersdelight:cabbages":5,"minecraft:sugar_cane":15,"create:basin":4,"create:portable_storage_interface":1,"minecraft:wheat":35,"create:brass_belt_funnel":1,"minecraft:warped_fungus":1,"minecraft:grass":320,"butchersdelight:hook":2,"create:hand_crank":1,"minecraft:smooth_basalt":2,"minecraft:red_mushroom_block":45,"minecraft:deepslate":166,"minecraft:dark_oak_log":70,"minecraft:nether_bricks":110,"minecraft:dark_oak_fence":21,"minecraft:allium":2,"minecraft:crimson_roots":2,"create:encased_fan":7,"minecraft:redstone_ore":3,"create:shaft":43,"minecraft:andesite":68,"minecraft:diamond_block":2,"minecraft:potatoes":9,"create:chute":1,"create:deployer":2,"butchersdelight:skullcow":2,"minecraft:glass_pane":9,"minecraft:soul_sand":10,"butchersdelight:deadhoglinblock":1,"create:framed_glass_door":1,"create:water_wheel":7,"minecraft:tall_grass":24,"minecraft:copper_ore":16,"minecraft:deepslate_gold_ore":26,"minecraft:diorite":2,"minecraft:warped_wart_block":2,"create:water_wheel_structure":2,"minecraft:cobblestone_wall":1,"create:gearbox":24,"minecraft:birch_leaves":11,"create:mechanical_drill":9,"sophisticatedbackpacks:netherite_backpack":1,"create:crushing_wheel":3,"minecraft:gravel":8,"minecraft:stone_bricks":9,"minecraft:gold_ore":8,"minecraft:large_amethyst_bud":3,"create:deepslate_zinc_ore":4,"minecraft:spruce_planks":2,"minecraft:oak_sapling":5,"minecraft:brewing_stand":1,"minecraft:spruce_trapdoor":1,"minecraft:cave_vines_plant":1,"minecraft:grass_block":373,"minecraft:soul_soil":7,"minecraft:composter":1,"minecraft:glowstone":4,"minecraft:iron_ore":40,"minecraft:pointed_dripstone":4,"supplementaries:stick":1,"minecraft:deepslate_redstone_ore":8,"minecraft:blackstone":3,"minecraft:clay":22,"minecraft:calcite":1,"minecraft:poppy":6,"minecraft:chest":5,"supplementaries:wild_flax":2,"minecraft:mushroom_stem":5,"create:brass_casing":6,"minecraft:nether_quartz_ore":34,"minecraft:cobblestone":11,"minecraft:oak_planks":17,"minecraft:wall_torch":6,"create:large_water_wheel":2,"minecraft:warped_nylium":13,"minecraft:birch_log":39,"farmersdelight:cutting_board":3,"minecraft:birch_trapdoor":2,"minecraft:oak_log":70,"minecraft:sand":17,"minecraft:dirt":285,"create:encased_chain_drive":62,"minecraft:netherrack":4101,"minecraft:oak_leaves":32,"create:brass_funnel":6,"minecraft:nether_gold_ore":17,"minecraft:tuff":8,"farmersdelight:onions":9,"minecraft:dark_oak_leaves":3,"minecraft:deepslate_diamond_ore":4,"minecraft:glow_lichen":1,"create:large_cogwheel":2,"farmersdelight:tomatoes":1,"minecraft:spruce_leaves":1,"minecraft:furnace":1,"minecraft:carrots":4,"create:white_sail":35,"create:scorchia":3,"treechop:chopped_log":24,"create:windmill_bearing":1,"minecraft:bell":1,"minecraft:nether_brick_fence":4,"minecraft:bookshelf":26,"minecraft:deepslate_iron_ore":33,"minecraft:stone":121,"farmersdelight:cooking_pot":1,"minecraft:scaffolding":1,"minecraft:stripped_dark_oak_log":3,"minecraft:basalt":30,"minecraft:oak_fence":6,"minecraft:crafting_table":1,"minecraft:rose_bush":2,"minecraft:lapis_ore":13,"supplementaries:urn":12,"minecraft:birch_planks":7,"minecraft:sweet_berry_bush":26,"minecraft:coal_ore":5,"create:mechanical_crafter":27,"farmersdelight:stove":2},"minecraft:dropped":{"farmersdelight:hamburger":2,"minecraft:lapis_lazuli":232,"minecraft:cooked_beef":30,"farmersdelight:pumpkin_slice":4,"minecraft:diamond":42,"minecraft:glow_berries":1,"sophisticatedbackpacks:gold_backpack":1,"minecraft:emerald":2,"minecraft:dirt":81,"minecraft:gold_nugget":192,"minecraft:dark_oak_planks":72,"minecraft:diamond_block":2,"minecraft:iron_nugget":128,"minecraft:birch_sapling":1,"minecraft:stripped_dark_oak_log":1,"minecraft:rotten_flesh":25,"minecraft:oak_planks":30,"minecraft:white_bed":3,"alexsmobs:blood_sac":1,"minecraft:charcoal":160,"minecraft:leather_leggings":3,"mca:matchmakers_ring":1,"minecraft:iron_ingot":304,"minecraft:wheat_seeds":2,"minecraft:iron_helmet":1,"minecraft:cobblestone":310,"majruszsdifficulty:soul_jar":1,"minecraft:coal":5,"minecraft:diamond_helmet":1,"minecraft:potion":2,"minecraft:pumpkin":5,"minecraft:red_dye":1,"minecraft:iron_boots":1,"sophisticatedbackpacks:backpack":2,"farmersdelight:straw":1,"minecraft:nether_bricks":1,"minecraft:diamond_sword":1,"tacz:ammo":92,"minecraft:oak_log":1154,"minecraft:dark_oak_log":63,"pizzacraft:fish_fillet":1,"minecraft:axolotl_bucket":2,"minecraft:gold_ingot":25,"minecraft:gravel":36,"minecraft:spyglass":4,"supplementaries:ash":8,"minecraft:gunpowder":8,"create:brass_ingot":16,"minecraft:powered_rail":128,"pizzacraft:tomato_sauce":1,"create:water_wheel":1,"minecraft:netherrack":64,"create:andesite_alloy":18,"minecraft:oak_slab":6,"minecraft:poisonous_potato":1,"farmersdelight:bacon_sandwich":48,"minecraft:copper_ingot":60,"minecraft:iron_block":1,"minecraft:milk_bucket":1,"minecraft:iron_leggings":1,"tacz:modern_kinetic_gun":2,"minecraft:iron_axe":1,"create:encased_chain_drive":1,"minecraft:composter":2,"minecraft:wither_skeleton_skull":1,"mca:female_villager_spawn_egg":2,"minecraft:totem_of_undying":1,"minecraft:iron_chestplate":1,"sophisticatedbackpacks:tank_upgrade":1},"minecraft:killed":{"minecraft:skeleton":19,"majruszsdifficulty:creeperling":2,"minecraft:magma_cube":16,"minecraft:pillager":4,"minecraft:zombie":32,"minecraft:cow":2,"mca:male_zombie_villager":1,"minecraft:vindicator":3,"minecraft:husk":5,"bwrtherain:rosemary":1,"majruszsdifficulty:cursed_armor":1,"alexsmobs:catfish":1,"mca:female_villager":29,"minecraft:enderman":3,"minecraft:zombified_piglin":8,"minecraft:spider":6,"minecraft:piglin":9,"minecraft:pig":2,"alexsmobs:stradpole":1,"minecraft:creeper":5,"alexsmobs:crimson_mosquito":5,"minecraft:sheep":7,"apollyon:the_damned":1,"minecraft:blaze":45,"minecraft:phantom":1,"minecraft:wither_skeleton":32},"minecraft:custom":{"minecraft:interact_with_crafting_table":99,"goblintraders:trade_with_goblin":72,"minecraft:leave_game":30,"minecraft:time_since_death":102736,"minecraft:damage_blocked_by_shield":150,"minecraft:play_time":1181352,"minecraft:deaths":6,"minecraft:jump":9202,"minecraft:enchant_item":22,"minecraft:interact_with_furnace":112,"minecraft:traded_with_villager":12,"minecraft:sleep_in_bed":16,"minecraft:waystone_activated":4,"minecraft:damage_dealt":22763,"minecraft:use_cauldron":7,"minecraft:interact_with_anvil":13,"minecraft:damage_dealt_absorbed":159,"minecraft:sneak_time":16718,"minecraft:total_world_time":1181352,"minecraft:time_since_rest":85790,"minecraft:swim_one_cm":38900,"minecraft:fly_one_cm":1970819,"minecraft:open_chest":286,"minecraft:fish_caught":1,"minecraft:fall_one_cm":140327,"lootr:looted_stat":3,"minecraft:animals_bred":5,"minecraft:sprint_one_cm":1693797,"minecraft:drop":216,"minecraft:talked_to_villager":13,"minecraft:interact_with_brewingstand":12,"minecraft:walk_on_water_one_cm":143549,"minecraft:player_kills":6,"minecraft:crouch_one_cm":46534,"minecraft:mob_kills":246,"minecraft:fill_cauldron":1,"minecraft:damage_dealt_resisted":408,"minecraft:climb_one_cm":41973,"minecraft:walk_one_cm":2726839,"minecraft:walk_under_water_one_cm":31511,"minecraft:boat_one_cm":174929,"minecraft:raid_trigger":1,"minecraft:interact_with_grindstone":1,"minecraft:damage_taken":5700882},"minecraft:picked_up":{"butchersdelight:deadhoglin":2,"minecraft:lead":1,"minecraft:diamond_sword":1,"minecraft:wither_rose":2,"minecraft:brewing_stand":1,"minecraft:golden_sword":1,"farmersdelight:cutting_board":8,"minecraft:string":8,"minecraft:dark_oak_trapdoor":8,"minecraft:soul_soil":7,"minecraft:cooked_salmon":1,"create:water_wheel":8,"minecraft:gold_nugget":194,"minecraft:cobbled_deepslate":203,"minecraft:spruce_planks":1,"sophisticatedbackpacks:netherite_backpack":1,"pizzacraft:raw_pizza":4,"minecraft:composter":1,"minecraft:big_dripleaf":4,"create:andesite_casing":6,"minecraft:golden_axe":1,"mca:female_villager_spawn_egg":1,"minecraft:deepslate_tile_stairs":3,"minecraft:golden_chestplate":1,"minecraft:stone_sword":1,"minecraft:vex_armor_trim_smithing_template":1,"farmersdelight:onion":37,"minecraft:iron_block":9,"minecraft:carved_pumpkin":1,"supplementaries:ash":32,"minecraft:blaze_rod":52,"minecraft:birch_log":122,"minecraft:magma_block":4,"minecraft:feather":2,"minecraft:water_bucket":2,"farmersdelight:bacon":21,"minecraft:flint":35,"butchersdelight:deadpig":1,"farmersdelight:cooked_bacon":8,"farmersdelight:tomato":23,"farmersdelight:mutton_chops":12,"create:encased_chain_drive":65,"create:mechanical_drill":9,"create:shaft":48,"minecraft:glowstone_dust":16,"pizzacraft:tomato_sauce":2,"pizzacraft:pizza":5,"farmersdelight:spruce_cabinet":1,"minecraft:warped_wart_block":2,"butchersdelight:skullcow":4,"pizzacraft:fish_fillet":3,"minecraft:dark_oak_log":247,"minecraft:lever":1,"minecraft:granite":9,"create:framed_glass_door":1,"alexsmobs:maggot":1,"minecraft:dark_oak_fence":21,"minecraft:crimson_roots":8,"sophisticatedbackpacks:gold_backpack":1,"minecraft:crafting_table":2,"minecraft:nether_wart":10,"minecraft:clay_ball":82,"minecraft:leather_leggings":6,"alexsmobs:cooked_catfish":1,"create:scorchia":3,"tacz:ammo":36,"butchersdelight:dead_cow":2,"farmersdelight:beef_patty":4,"create:brass_funnel":7,"minecraft:beef":11,"minecraft:iron_nugget":66,"minecraft:poppy":6,"minecraft:chest":5,"minecraft:birch_sapling":20,"minecraft:egg":15,"farmersdelight:minced_beef":4,"minecraft:carrot":41,"minecraft:redstone":49,"create:brass_casing":7,"create:vertical_gearbox":14,"butchersdelight:deadsheep":1,"majruszsdifficulty:soul_jar":1,"minecraft:gold_ingot":2,"minecraft:totem_of_undying":2,"pizzacraft:cheese_block":2,"minecraft:glow_berries":1,"minecraft:mutton":12,"minecraft:white_wool":12,"minecraft:stripped_oak_log":6,"create:iron_sheet":3,"minecraft:red_mushroom":31,"minecraft:oak_log":496,"butchersdelight:deadchiken":1,"create:crushing_wheel":7,"minecraft:stone_bricks":8,"minecraft:apple":5,"farmersdelight:cooking_pot":1,"pizzacraft:cheese":6,"minecraft:smooth_basalt":2,"minecraft:sweet_berries":30,"minecraft:spyglass":1,"minecraft:gravel":13,"farmersdelight:cabbage_leaf":16,"create:gearbox":10,"minecraft:leather_helmet":2,"create:creative_motor":1,"tacz:modern_kinetic_gun":2,"minecraft:stone_axe":1,"minecraft:painting":1,"create:portable_storage_interface":1,"minecraft:baked_potato":64,"minecraft:stripped_dark_oak_log":3,"minecraft:ender_pearl":3,"pizzacraft:tomato_slice":12,"alexsmobs:maraca":1,"minecraft:wheat":35,"minecraft:nether_brick_fence":5,"minecraft:iron_trapdoor":1,"create:mechanical_crafter":26,"aquaculture:muskellunge":1,"minecraft:raw_copper":50,"minecraft:oak_sign":2,"minecraft:activator_rail":64,"alexsmobs:blood_sac":4,"create:mechanical_press":8,"farmersdelight:cabbage":2,"minecraft:red_dye":1,"minecraft:rose_bush":2,"minecraft:calcite":1,"farmersdelight:cabbage_seeds":9,"minecraft:furnace":1,"minecraft:stick":41,"minecraft:birch_trapdoor":2,"minecraft:oak_fence":6,"minecraft:torch":96,"minecraft:porkchop":16,"minecraft:dried_kelp":7,"tacz:attachment":1,"minecraft:pointed_dripstone":7,"minecraft:diorite":2,"create:large_cogwheel":2,"farmersdelight:fried_egg":1,"minecraft:rotten_flesh":51,"farmersdelight:tree_bark":10,"pizzacraft:pizza_slice":3,"farmersdelight:raw_pasta":5,"minecraft:obsidian":9,"minecraft:cobblestone":1711,"minecraft:magma_cream":8,"minecraft:andesite":68,"minecraft:potato":36,"create:belt_connector":6,"minecraft:tuff":9,"create:raw_zinc":4,"supplementaries:flax_seeds":2,"minecraft:wither_skeleton_skull":1,"minecraft:stripped_birch_log":4,"minecraft:lapis_lazuli":468,"minecraft:dirt":757,"minecraft:leather_boots":1,"minecraft:bone":78,"minecraft:bow":2,"minecraft:wheat_seeds":137,"minecraft:raw_gold":44,"farmersdelight:pumpkin_slice":8,"minecraft:bell":1,"minecraft:powered_rail":257,"minecraft:oak_planks":16,"mca:matchmakers_ring":2,"create:cogwheel":6,"minecraft:poisonous_potato":2,"minecraft:sand":46,"minecraft:nether_brick_stairs":2,"minecraft:diamond_block":2,"farmersdelight:ham":5,"farmersdelight:cooked_mutton_chops":12,"minecraft:diamond":6,"create:filter":4,"waystones:waystone":1,"minecraft:emerald":5,"butchersdelight:hook":2,"minecraft:oak_sapling":63,"minecraft:netherrack":649,"create:white_sail":35,"minecraft:charcoal":679,"minecraft:allium":2,"minecraft:chicken":1,"minecraft:wooden_pickaxe":2,"minecraft:stone_brick_wall":1,"minecraft:moss_carpet":3,"minecraft:iron_axe":2,"artifacts:feral_claws":1,"create:chute":1,"minecraft:blackstone":3,"farmersdelight:straw":66,"create:basin":4,"minecraft:light_gray_wool":1,"minecraft:sugar_cane":39,"minecraft:spruce_trapdoor":1,"minecraft:dark_oak_sapling":20,"minecraft:raw_iron":71,"create:golden_sheet":5,"minecraft:bowl":5,"create:windmill_bearing":1,"create:hand_crank":3,"create:deployer":2,"minecraft:dark_oak_planks":94,"minecraft:weeping_vines":1,"pizzacraft:dough":3,"minecraft:arrow":26,"minecraft:nether_bricks":74,"minecraft:saddle":2,"minecraft:basalt":22,"minecraft:glow_ink_sac":1,"minecraft:salmon":1,"minecraft:leather":5,"minecraft:birch_planks":7,"minecraft:crimson_fungus":4,"create:andesite_alloy":22,"minecraft:gunpowder":21,"minecraft:cobblestone_wall":1,"minecraft:iron_ingot":130,"sophisticatedbackpacks:tank_upgrade":1,"minecraft:soul_sand":10,"minecraft:book":78,"minecraft:scaffolding":1,"minecraft:oak_slab":6,"minecraft:warped_fungus":1,"create:large_water_wheel":4,"minecraft:pumpkin":8,"minecraft:birch_boat":1,"minecraft:dandelion":1,"minecraft:quartz":53,"minecraft:amethyst_shard":4,"minecraft:white_bed":10,"minecraft:spider_eye":1,"alexsmobs:raw_catfish":1,"butchersdelight:sheephide":1,"minecraft:pumpkin_seeds":16,"create:brass_ingot":9,"create:encased_fan":7,"majruszsdifficulty:tattered_chestplate":1,"farmersdelight:stove":2,"minecraft:coal":50}},"DataVersion":3465}