{"stats":{"minecraft:used":{"minecraft:iron_shovel":647,"farmersdelight:cabbage_seeds":30,"sophisticatedbackpacks:copper_backpack":4,"minecraft:diamond_hoe":145,"minecraft:chest":36,"minecraft:shield":21,"minecraft:iron_chestplate":3,"minecraft:nether_bricks":47,"minecraft:carrot":5,"minecraft:tuff":7,"minecraft:axolotl_bucket":1,"minecraft:snowball":4,"minecraft:iron_helmet":3,"farmersdelight:bacon_sandwich":21,"minecraft:stone_bricks":13,"minecraft:magma_block":1,"minecraft:bow":3,"minecraft:dark_oak_boat":9,"minecraft:sweet_berries":354,"minecraft:oak_sapling":12,"minecraft:furnace":6,"minecraft:egg":10,"minecraft:potato":65,"farmersdelight:hamburger":1,"minecraft:dark_oak_sapling":1,"alexsmobs:raw_catfish":3,"minecraft:leather_leggings":1,"minecraft:diamond_boots":4,"minecraft:stone_pickaxe":63,"minecraft:oak_planks":1436,"minecraft:wooden_pickaxe":4,"minecraft:composter":3,"minecraft:diamond_axe":426,"minecraft:glow_berries":23,"minecraft:golden_hoe":11,"minecraft:sand":13,"pizzacraft:pizza_slice":2,"minecraft:mushroom_stew":12,"mca:female_villager_spawn_egg":1,"minecraft:shears":19,"waystones:waystone":1,"sophisticatedbackpacks:backpack":6,"minecraft:string":2,"minecraft:dark_oak_log":747,"minecraft:bread":69,"farmersdelight:noodle_soup":1,"minecraft:diamond_sword":290,"minecraft:grindstone":1,"minecraft:oak_boat":5,"minecraft:bone_meal":1,"minecraft:experience_bottle":19,"minecraft:azalea":5,"minecraft:oak_fence":95,"minecraft:enchanting_table":2,"minecraft:carved_pumpkin":2,"minecraft:tropical_fish":1,"minecraft:netherrack":32,"minecraft:torch":577,"minecraft:brewing_stand":1,"minecraft:spyglass":16,"minecraft:dirt":511,"alexsmobs:maraca":4,"minecraft:wheat":2,"minecraft:diamond_helmet":3,"minecraft:golden_shovel":33,"minecraft:iron_hoe":31,"minecraft:dark_oak_planks":102,"minecraft:wooden_axe":45,"minecraft:flowering_azalea":4,"minecraft:bookshelf":6,"minecraft:iron_block":11,"minecraft:iron_axe":1332,"minecraft:oak_stairs":545,"minecraft:iron_boots":4,"minecraft:basalt":5,"minecraft:diamond_chestplate":4,"minecraft:cooked_beef":27,"minecraft:cobbled_deepslate":85,"minecraft:pumpkin":19,"minecraft:iron_leggings":3,"minecraft:wheat_seeds":47,"minecraft:cooked_mutton":6,"minecraft:water_bucket":42,"minecraft:baked_potato":49,"minecraft:leather_boots":1,"minecraft:diamond_block":6,"minecraft:stripped_dark_oak_log":1,"minecraft:oak_slab":21,"minecraft:crafting_table":11,"minecraft:white_bed":11,"minecraft:spruce_log":1,"minecraft:dark_oak_door":2,"minecraft:diamond_pickaxe":424,"minecraft:apple":14,"majruszsdifficulty:undead_army_treasure_bag":1,"minecraft:iron_pickaxe":3234,"minecraft:leather_helmet":1,"minecraft:stone_axe":20,"minecraft:potion":2,"minecraft:cobblestone":891,"minecraft:bucket":47,"alexsmobs:animal_dictionary":2,"minecraft:wither_rose":1,"minecraft:diamond_leggings":4},"minecraft:crafted":{"minecraft:oak_planks":2700,"minecraft:dark_oak_boat":3,"minecraft:bookshelf":6,"minecraft:dark_oak_door":3,"minecraft:diamond_helmet":1,"minecraft:diamond_leggings":2,"minecraft:iron_boots":3,"minecraft:chest":36,"minecraft:oak_fence":96,"mca:matchmakers_ring":3,"minecraft:oak_slab":30,"minecraft:emerald":38,"minecraft:diamond_axe":1,"minecraft:crafting_table":7,"minecraft:baked_potato":448,"minecraft:iron_helmet":3,"minecraft:copper_ingot":42,"minecraft:iron_chestplate":3,"minecraft:charcoal":24,"minecraft:diamond_pickaxe":2,"minecraft:shield":5,"minecraft:stick":280,"minecraft:iron_ingot":255,"minecraft:iron_pickaxe":14,"minecraft:iron_block":1,"minecraft:gold_ingot":18,"minecraft:shears":2,"minecraft:fishing_rod":2,"minecraft:coal":1,"minecraft:experience_bottle":19,"minecraft:diamond_hoe":1,"minecraft:furnace":4,"minecraft:mushroom_stew":12,"minecraft:diamond":45,"minecraft:iron_axe":6,"minecraft:iron_hoe":1,"minecraft:stone_pickaxe":1,"minecraft:diamond_boots":2,"minecraft:dark_oak_planks":188,"minecraft:diamond_sword":2,"mca:engagement_ring":1,"minecraft:bowl":12,"minecraft:bucket":2,"minecraft:stone_axe":1,"minecraft:air":0,"minecraft:oak_boat":1,"minecraft:oak_stairs":512,"minecraft:iron_shovel":5,"minecraft:iron_leggings":3,"minecraft:white_bed":2,"minecraft:torch":596,"mca:wedding_ring":1,"minecraft:diamond_chestplate":2},"minecraft:broken":{"minecraft:iron_shovel":1,"minecraft:iron_boots":1,"minecraft:golden_shovel":1,"minecraft:iron_axe":5,"minecraft:iron_pickaxe":12,"minecraft:iron_helmet":1},"minecraft:killed_by":{"bwrtherain:vapor":1,"minecraft:vindicator":1,"minecraft:vex":1,"minecraft:player":4,"minecraft:skeleton":1},"minecraft:mined":{"minecraft:dark_oak_planks":96,"create:deepslate_zinc_ore":6,"minecraft:white_bed":9,"minecraft:brewing_stand":1,"minecraft:carved_pumpkin":19,"minecraft:cave_vines_plant":4,"minecraft:granite":68,"minecraft:grass_block":263,"minecraft:composter":1,"minecraft:weeping_vines_plant":1,"minecraft:tall_seagrass":5,"minecraft:iron_ore":81,"minecraft:cobbled_deepslate":5,"minecraft:fire":33,"minecraft:pumpkin":18,"minecraft:moss_carpet":8,"minecraft:nether_brick_stairs":1,"minecraft:enchanting_table":1,"minecraft:cave_vines":15,"minecraft:oak_stairs":43,"minecraft:green_carpet":2,"minecraft:azalea":29,"minecraft:iron_block":11,"sophisticatedbackpacks:copper_backpack":1,"minecraft:tripwire":2,"farmersdelight:wild_potatoes":10,"minecraft:red_bed":1,"minecraft:kelp_plant":179,"minecraft:crimson_nylium":7,"minecraft:clay":93,"minecraft:torch":12,"minecraft:poppy":1,"minecraft:mushroom_stem":14,"minecraft:nether_quartz_ore":53,"minecraft:cobblestone":176,"minecraft:grindstone":1,"minecraft:oak_planks":137,"minecraft:iron_door":1,"minecraft:wall_torch":65,"minecraft:white_terracotta":6,"minecraft:warped_nylium":3,"minecraft:birch_log":21,"minecraft:wheat":17,"minecraft:light_gray_wool":2,"minecraft:wither_rose":1,"minecraft:grass":126,"minecraft:oak_log":32,"minecraft:sand":37,"minecraft:dirt":438,"minecraft:red_mushroom_block":45,"minecraft:netherrack":197,"minecraft:oak_leaves":7,"minecraft:deepslate":319,"create:zinc_ore":13,"minecraft:tuff":15,"minecraft:dark_oak_leaves":5,"minecraft:deepslate_diamond_ore":10,"minecraft:oak_door":2,"minecraft:dark_oak_log":503,"minecraft:nether_bricks":95,"minecraft:crimson_roots":1,"minecraft:brown_mushroom_block":89,"minecraft:spruce_leaves":2,"minecraft:moss_block":74,"minecraft:kelp":20,"minecraft:furnace":2,"minecraft:carrots":1,"minecraft:andesite":168,"minecraft:diamond_block":12,"treechop:chopped_log":19,"minecraft:nether_brick_fence":3,"minecraft:bookshelf":37,"minecraft:potatoes":13,"minecraft:deepslate_iron_ore":10,"minecraft:warped_stem":14,"minecraft:stone":2280,"sophisticatedbackpacks:backpack":2,"minecraft:oak_slab":1,"minecraft:flowering_azalea":21,"minecraft:glass_pane":2,"minecraft:stripped_dark_oak_log":1,"minecraft:basalt":1,"minecraft:dandelion":1,"minecraft:crafting_table":6,"minecraft:rose_bush":2,"minecraft:campfire":1,"minecraft:tall_grass":15,"minecraft:copper_ore":6,"minecraft:lapis_ore":2,"minecraft:deepslate_gold_ore":12,"minecraft:diorite":14,"minecraft:big_dripleaf":1,"minecraft:warped_wart_block":2,"supplementaries:urn":22,"minecraft:sweet_berry_bush":34,"minecraft:spruce_log":1,"minecraft:birch_leaves":7,"minecraft:yellow_bed":1,"minecraft:black_wool":1,"minecraft:coal_ore":94,"minecraft:gravel":2,"minecraft:cobweb":2,"minecraft:stone_bricks":13,"minecraft:small_dripleaf":1,"minecraft:fern":2},"minecraft:dropped":{"minecraft:moss_block":1,"minecraft:brown_mushroom":4,"minecraft:lapis_lazuli":225,"minecraft:baked_potato":251,"minecraft:oak_log":214,"minecraft:glow_ink_sac":2,"minecraft:crafting_table":1,"minecraft:dark_oak_sapling":1,"minecraft:saddle":3,"minecraft:leather_helmet":3,"minecraft:mutton":6,"minecraft:seagrass":8,"minecraft:snowball":2,"minecraft:gold_nugget":9,"minecraft:sand":10,"minecraft:fishing_rod":1,"minecraft:bone":1,"minecraft:oak_door":2,"minecraft:gravel":1,"majruszsdifficulty:tattered_chestplate":1,"minecraft:stone_axe":1,"minecraft:golden_chestplate":3,"alexsmobs:animal_dictionary":1,"minecraft:cobbled_deepslate":71,"butchersdelight:deadsheep":4,"minecraft:rotten_flesh":8,"minecraft:oak_planks":10,"minecraft:carrot":54,"supplementaries:ash":32,"alexsmobs:blood_sac":1,"minecraft:gunpowder":30,"create:scoria":2,"create:gearbox":1,"minecraft:leather_boots":1,"minecraft:leather_leggings":3,"minecraft:basalt":4,"minecraft:arrow":7,"minecraft:beef":1,"mca:matchmakers_ring":5,"minecraft:netherrack":256,"minecraft:egg":7,"minecraft:iron_ingot":37,"minecraft:wheat_seeds":3,"minecraft:poisonous_potato":3,"minecraft:golden_axe":1,"minecraft:cobblestone":712,"majruszsdifficulty:soul_jar":1,"minecraft:tropical_fish":2,"minecraft:torch":39,"minecraft:wooden_axe":1,"minecraft:rose_bush":1,"minecraft:iron_door":1,"butchersdelight:deadhoglin":1,"minecraft:iron_axe":1,"artifacts:feral_claws":1,"minecraft:string":2,"create:raw_zinc":6,"minecraft:blaze_rod":3,"minecraft:bowl":9,"minecraft:wither_skeleton_skull":1,"minecraft:iron_boots":2,"sophisticatedbackpacks:backpack":1,"minecraft:totem_of_undying":1,"minecraft:pumpkin_seeds":4,"minecraft:diamond_sword":1,"minecraft:big_dripleaf":5,"minecraft:potato":10,"minecraft:andesite":12,"create:hand_crank":1,"minecraft:golden_sword":3,"sophisticatedbackpacks:copper_backpack":1,"minecraft:bow":2,"minecraft:stone_pickaxe":1,"minecraft:wooden_pickaxe":3,"farmersdelight:spruce_cabinet":1,"minecraft:vex_armor_trim_smithing_template":1,"sophisticatedbackpacks:tank_upgrade":1},"minecraft:killed":{"minecraft:zombified_piglin":4,"minecraft:spider":5,"minecraft:skeleton":21,"minecraft:chicken":4,"alexsmobs:straddler":2,"alexsmobs:grizzly_bear":1,"minecraft:zombie_villager":1,"majruszsdifficulty:tank":1,"bwrtherain:spider_skull":1,"minecraft:creeper":1,"alexsmobs:crimson_mosquito":5,"minecraft:sheep":6,"minecraft:trader_llama":3,"minecraft:pillager":1,"alexsmobs:flutter":1,"minecraft:zombie":36,"minecraft:stray":2,"apollyon:the_damned":3,"minecraft:blaze":22,"minecraft:cow":1,"alexsmobs:bone_serpent":1,"mca:female_zombie_villager":2,"minecraft:evoker":1,"minecraft:vex":1,"mca:male_zombie_villager":1,"minecraft:vindicator":2,"minecraft:phantom":1,"alexsmobs:soul_vulture":1,"minecraft:drowned":1,"alexsmobs:tusklin":3,"minecraft:husk":3,"alexsmobs:skunk":1,"minecraft:wandering_trader":3,"majruszsdifficulty:cursed_armor":3,"alexsmobs:catfish":1,"mca:female_villager":3,"minecraft:wither_skeleton":13},"minecraft:custom":{"lootr:looted_stat":11,"minecraft:animals_bred":2,"minecraft:interact_with_crafting_table":120,"goblintraders:trade_with_goblin":85,"minecraft:bell_ring":1,"minecraft:leave_game":11,"minecraft:time_since_death":230777,"minecraft:sprint_one_cm":3441541,"minecraft:damage_blocked_by_shield":1367,"minecraft:drop":186,"minecraft:talked_to_villager":65,"minecraft:play_time":1267065,"minecraft:deaths":13,"minecraft:jump":16541,"minecraft:interact_with_brewingstand":1,"minecraft:walk_on_water_one_cm":345541,"minecraft:enchant_item":8,"minecraft:interact_with_furnace":50,"minecraft:sleep_in_bed":43,"minecraft:waystone_activated":6,"minecraft:damage_dealt":36827,"minecraft:player_kills":3,"minecraft:crouch_one_cm":47080,"minecraft:interact_with_smoker":21,"minecraft:horse_one_cm":3909,"minecraft:interact_with_anvil":3,"minecraft:mob_kills":168,"minecraft:damage_dealt_resisted":223,"minecraft:climb_one_cm":8044,"minecraft:walk_one_cm":3343698,"minecraft:damage_dealt_absorbed":119,"minecraft:sneak_time":19292,"minecraft:walk_under_water_one_cm":53568,"minecraft:boat_one_cm":1461185,"minecraft:interact_with_blast_furnace":1,"minecraft:total_world_time":1267065,"minecraft:interact_with_grindstone":1,"minecraft:time_since_rest":85820,"minecraft:damage_taken":10312753,"minecraft:swim_one_cm":306301,"minecraft:fly_one_cm":2610310,"minecraft:open_chest":516,"minecraft:fall_one_cm":250450},"minecraft:picked_up":{"minecraft:wooden_axe":1,"minecraft:seagrass":8,"minecraft:wheat":5,"alexsmobs:maraca":3,"minecraft:nether_brick_fence":2,"minecraft:lead":6,"minecraft:diamond_sword":1,"minecraft:potion":2,"minecraft:oak_stairs":45,"minecraft:wither_rose":4,"minecraft:brewing_stand":1,"minecraft:golden_sword":2,"minecraft:string":7,"minecraft:raw_copper":21,"minecraft:shroomlight":8,"alexsmobs:blood_sac":3,"minecraft:gold_nugget":5,"minecraft:cobbled_deepslate":594,"farmersdelight:cabbage":7,"minecraft:bucket":1,"minecraft:rose_bush":1,"minecraft:calcite":1,"minecraft:azalea":36,"minecraft:iron_boots":2,"minecraft:furnace":3,"minecraft:stick":65,"minecraft:composter":3,"minecraft:big_dripleaf":10,"minecraft:oak_fence":1,"minecraft:torch":102,"minecraft:porkchop":14,"minecraft:dried_kelp":6,"minecraft:pointed_dripstone":6,"minecraft:diorite":13,"mca:female_villager_spawn_egg":1,"minecraft:golden_chestplate":3,"minecraft:cauldron":2,"minecraft:rotten_flesh":95,"minecraft:tropical_fish":3,"create:scoria":2,"farmersdelight:onion":2,"minecraft:iron_block":12,"minecraft:carved_pumpkin":19,"pizzacraft:pizza_slice":2,"minecraft:white_terracotta":12,"supplementaries:ash":62,"minecraft:blaze_rod":10,"minecraft:snowball":4,"minecraft:cobblestone":3158,"minecraft:enchanting_table":1,"minecraft:birch_log":28,"minecraft:magma_block":1,"minecraft:cooked_beef":30,"minecraft:feather":3,"minecraft:water_bucket":1,"minecraft:iron_door":2,"minecraft:andesite":187,"minecraft:dark_oak_boat":6,"minecraft:potato":65,"minecraft:tuff":21,"create:raw_zinc":19,"supplementaries:flax_seeds":4,"minecraft:wither_skeleton_skull":2,"minecraft:lapis_lazuli":254,"minecraft:dirt":928,"create:encased_chain_drive":1,"minecraft:bone":105,"minecraft:bow":3,"minecraft:wheat_seeds":46,"minecraft:raw_gold":12,"minecraft:grindstone":2,"minecraft:diamond_helmet":1,"minecraft:moss_block":89,"minecraft:oak_planks":310,"mca:matchmakers_ring":4,"minecraft:warped_wart_block":89,"farmersdelight:spruce_cabinet":1,"minecraft:axolotl_bucket":2,"minecraft:poisonous_potato":2,"minecraft:sand":48,"minecraft:nether_brick_stairs":1,"minecraft:ink_sac":1,"minecraft:diamond_block":14,"minecraft:dark_oak_log":885,"create:filter":1,"minecraft:diamond":40,"waystones:waystone":1,"minecraft:granite":128,"minecraft:bone_meal":1,"minecraft:emerald":21,"minecraft:oak_sapling":37,"minecraft:netherrack":566,"minecraft:crimson_roots":2,"minecraft:fishing_rod":1,"minecraft:charcoal":34,"minecraft:crafting_table":8,"minecraft:chicken":3,"minecraft:nether_wart":10,"minecraft:clay_ball":387,"minecraft:leather_leggings":1,"minecraft:brown_mushroom":35,"minecraft:wooden_pickaxe":1,"minecraft:shield":1,"minecraft:red_bed":1,"minecraft:moss_carpet":17,"minecraft:iron_axe":2,"minecraft:iron_shovel":1,"tacz:ammo":6,"minecraft:beef":1,"minecraft:oak_boat":5,"minecraft:poppy":1,"minecraft:light_gray_wool":3,"minecraft:sugar_cane":1,"minecraft:birch_sapling":12,"minecraft:phantom_membrane":1,"minecraft:egg":17,"minecraft:dark_oak_sapling":74,"minecraft:raw_iron":95,"minecraft:oak_door":2,"minecraft:bowl":15,"sophisticatedbackpacks:backpack":4,"minecraft:fire_charge":1,"create:hand_crank":1,"minecraft:carrot":28,"minecraft:dark_oak_planks":140,"mca:book_blueprint":1,"minecraft:weeping_vines":2,"butchersdelight:deadsheep":4,"minecraft:arrow":70,"minecraft:golden_hoe":1,"minecraft:nether_bricks":86,"minecraft:shears":2,"farmersdelight:hamburger":1,"majruszsdifficulty:soul_jar":2,"farmersdelight:bacon_sandwich":26,"minecraft:saddle":1,"minecraft:totem_of_undying":1,"sophisticatedbackpacks:copper_backpack":3,"minecraft:glow_berries":26,"minecraft:mutton":6,"minecraft:white_wool":6,"minecraft:basalt":12,"minecraft:glow_ink_sac":6,"minecraft:leather":7,"minecraft:red_mushroom":21,"minecraft:oak_log":1794,"minecraft:cobblestone_wall":1,"minecraft:gunpowder":18,"mca:book_romance":1,"minecraft:white_banner":1,"minecraft:stone_bricks":13,"minecraft:apple":13,"minecraft:kelp":1799,"minecraft:warped_stem":14,"minecraft:iron_ingot":69,"minecraft:stone_pickaxe":1,"minecraft:glass_bottle":3,"sophisticatedbackpacks:tank_upgrade":1,"minecraft:flowering_azalea":21,"minecraft:book":111,"minecraft:oak_slab":2,"minecraft:milk_bucket":1,"minecraft:pumpkin":22,"minecraft:sweet_berries":313,"minecraft:quartz":52,"minecraft:dandelion":1,"minecraft:spyglass":2,"minecraft:gravel":1,"majruszsdifficulty:bandage":12,"minecraft:white_bed":11,"minecraft:spruce_log":1,"minecraft:green_carpet":2,"minecraft:spider_eye":2,"create:gearbox":1,"minecraft:leather_helmet":1,"alexsmobs:raw_catfish":3,"minecraft:pumpkin_seeds":76,"tacz:modern_kinetic_gun":1,"minecraft:iron_helmet":1,"minecraft:baked_potato":187,"minecraft:black_wool":1,"minecraft:stripped_dark_oak_log":3,"majruszsdifficulty:tattered_chestplate":1,"minecraft:coal":144,"butchersdelight:deadhoglin":1}},"DataVersion":3465}