{"stats":{"minecraft:used":{"minecraft:leather_leggings":1,"minecraft:chest":2,"minecraft:diamond_axe":84,"minecraft:blue_bed":2,"minecraft:leather_boots":1,"minecraft:netherrack":31,"minecraft:torch":6,"minecraft:spyglass":3,"minecraft:crafting_table":1,"minecraft:white_bed":2,"minecraft:diamond_pickaxe":1485,"minecraft:bookshelf":20,"minecraft:bread":32,"minecraft:leather_helmet":1,"farmersdelight:bacon_sandwich":7,"minecraft:diamond_sword":95,"minecraft:furnace":1,"alexsmobs:animal_dictionary":2,"minecraft:cobbled_deepslate":162},"minecraft:picked_up":{"minecraft:magma_cream":2,"minecraft:clay_ball":48,"minecraft:tuff":32,"create:raw_zinc":64,"minecraft:ancient_debris":11,"alexsmobs:mosquito_proboscis":2,"minecraft:lapis_lazuli":58,"minecraft:leather_boots":1,"tacz:ammo":56,"minecraft:bone":3,"minecraft:blackstone":16,"alexsmobs:dropbear_claw":2,"alexsmobs:blood_sac":3,"minecraft:cobbled_deepslate":748,"minecraft:raw_gold":19,"minecraft:raw_iron":61,"minecraft:quartz":130,"minecraft:spyglass":1,"minecraft:torch":17,"sophisticatedbackpacks:backpack":1,"minecraft:gravel":3,"minecraft:white_bed":2,"minecraft:redstone":140,"minecraft:diamond_block":2,"minecraft:stone_sword":2,"minecraft:arrow":1,"minecraft:rotten_flesh":2,"minecraft:diamond":97,"tacz:modern_kinetic_gun":2,"farmersdelight:bacon_sandwich":22,"supplementaries:ash":1,"minecraft:blaze_rod":8,"minecraft:netherrack":329,"minecraft:white_wool":9,"minecraft:cobblestone":6},"minecraft:crafted":{"minecraft:diamond_sword":2,"minecraft:diamond_axe":1,"minecraft:crafting_table":1,"minecraft:blue_bed":2,"minecraft:furnace":1,"minecraft:stone":128,"minecraft:birch_planks":84,"minecraft:bookshelf":20,"minecraft:air":0,"minecraft:blue_dye":3,"minecraft:quartz_block":9,"minecraft:diamond":18,"minecraft:diamond_helmet":2,"minecraft:iron_chestplate":1,"minecraft:diamond_leggings":2,"minecraft:diamond_pickaxe":2,"minecraft:shield":1,"minecraft:stick":40,"minecraft:iron_ingot":70,"minecraft:chest":2,"minecraft:diamond_boots":2,"minecraft:gold_ingot":19,"minecraft:white_bed":2,"minecraft:dark_oak_planks":92,"minecraft:torch":4,"create:zinc_ingot":64,"minecraft:diamond_chestplate":2},"minecraft:killed":{"alexsmobs:dropbear":1,"minecraft:magma_cube":18,"minecraft:piglin":1,"minecraft:zombified_piglin":1,"bwrtherain:spider_skull":5,"alexsmobs:crimson_mosquito":2,"minecraft:skeleton":1,"minecraft:zombie":3,"minecraft:ghast":1,"mca:female_villager":1,"minecraft:wither_skeleton":1,"minecraft:blaze":13},"minecraft:dropped":{"minecraft:gravel":3,"minecraft:stone_sword":2,"minecraft:cobbled_deepslate":488,"minecraft:leather_helmet":1,"minecraft:iron_chestplate":1,"minecraft:wooden_axe":1,"minecraft:leather_boots":2,"minecraft:leather_leggings":1,"tacz:modern_kinetic_gun":1,"minecraft:wooden_pickaxe":1},"minecraft:custom":{"lootr:looted_stat":2,"minecraft:interact_with_furnace":41,"minecraft:mob_kills":49,"minecraft:interact_with_crafting_table":25,"minecraft:leave_game":3,"minecraft:time_since_death":25514,"minecraft:sleep_in_bed":1,"minecraft:climb_one_cm":24,"minecraft:time_since_rest":25599,"minecraft:waystone_activated":2,"minecraft:sprint_one_cm":356386,"minecraft:damage_taken":104356,"minecraft:walk_one_cm":555534,"minecraft:drop":20,"minecraft:damage_dealt":4954,"minecraft:talked_to_villager":5,"minecraft:fly_one_cm":287899,"minecraft:open_chest":95,"minecraft:crouch_one_cm":11550,"minecraft:play_time":176862,"minecraft:deaths":9,"minecraft:sneak_time":3276,"minecraft:walk_under_water_one_cm":203,"minecraft:boat_one_cm":7065,"minecraft:jump":1540,"minecraft:interact_with_brewingstand":2,"minecraft:interact_with_blast_furnace":2,"minecraft:walk_on_water_one_cm":3919,"minecraft:interact_with_smoker":1,"minecraft:total_world_time":176862,"minecraft:fall_one_cm":29523},"minecraft:mined":{"minecraft:deepslate_redstone_ore":31,"create:deepslate_zinc_ore":76,"minecraft:tuff":32,"minecraft:white_bed":2,"minecraft:blackstone":19,"minecraft:deepslate_diamond_ore":85,"minecraft:clay":12,"minecraft:torch":3,"minecraft:nether_quartz_ore":137,"minecraft:deepslate_gold_ore":19,"minecraft:wall_torch":1,"supplementaries:urn":1,"minecraft:fire":7,"minecraft:iron_ore":16,"minecraft:cobbled_deepslate":11,"minecraft:diamond_block":2,"minecraft:deepslate_lapis_ore":9,"minecraft:deepslate_iron_ore":45,"minecraft:gravel":3,"minecraft:ancient_debris":11,"minecraft:stone":6,"minecraft:netherrack":334,"minecraft:deepslate":633},"minecraft:killed_by":{"minecraft:player":2,"minecraft:zombified_piglin":1,"minecraft:skeleton":2,"minecraft:blaze":2}},"DataVersion":3465}