{"stats":{"minecraft:picked_up":{"minecraft:redstone_torch":1},"minecraft:custom":{"minecraft:jump":33,"minecraft:time_since_rest":9662,"minecraft:leave_game":1,"lootr:looted_stat":1,"minecraft:waystone_activated":2,"minecraft:damage_dealt":10,"minecraft:walk_on_water_one_cm":74,"minecraft:sprint_one_cm":11430,"minecraft:play_time":9662,"minecraft:damage_taken":106,"minecraft:time_since_death":9662,"minecraft:walk_one_cm":28636,"minecraft:climb_one_cm":710,"minecraft:total_world_time":9662,"minecraft:fall_one_cm":1492,"minecraft:fly_one_cm":5245},"minecraft:mined":{"minecraft:redstone_wall_torch":1}},"DataVersion":3465}