{"stats":{"minecraft:used":{"minecraft:iron_shovel":929,"farmersdelight:cabbage_seeds":10,"minecraft:chest":8,"minecraft:iron_sword":10,"minecraft:torch":16,"minecraft:dirt":70,"minecraft:carrot":13,"minecraft:golden_shovel":194,"minecraft:wooden_axe":2,"minecraft:iron_axe":304,"minecraft:furnace":2,"minecraft:egg":1,"minecraft:potato":7,"farmersdelight:tomato_seeds":5,"minecraft:cobbled_deepslate":123,"farmersdelight:onion":8,"minecraft:crafting_table":5,"minecraft:red_bed":1,"minecraft:blast_furnace":2,"minecraft:white_bed":3,"minecraft:dark_oak_fence_gate":6,"minecraft:smoker":2,"minecraft:bread":29,"minecraft:iron_pickaxe":1436,"minecraft:cobblestone":1,"minecraft:dark_oak_fence":121,"alexsmobs:animal_dictionary":1},"minecraft:picked_up":{"minecraft:crafting_table":4,"minecraft:string":1,"minecraft:red_bed":1,"minecraft:raw_copper":2,"minecraft:iron_axe":1,"butchersdelight:dead_cow":2,"minecraft:cartography_table":1,"minecraft:cobbled_deepslate":970,"farmersdelight:cabbage":7,"minecraft:rose_bush":3,"minecraft:birch_sapling":18,"farmersdelight:cabbage_seeds":29,"minecraft:egg":18,"minecraft:furnace":1,"minecraft:dark_oak_sapling":20,"minecraft:raw_iron":18,"minecraft:stick":40,"minecraft:torch":8,"farmersdelight:tomato_seeds":5,"minecraft:carrot":47,"minecraft:dark_oak_planks":2,"minecraft:arrow":5,"minecraft:rotten_flesh":3,"farmersdelight:onion":29,"create:ochrum":1,"supplementaries:ash":7,"minecraft:white_wool":3,"minecraft:cobblestone":91,"minecraft:birch_log":110,"minecraft:smoker":1,"minecraft:potato":27,"minecraft:birch_planks":3,"minecraft:tuff":127,"create:raw_zinc":1,"minecraft:oak_log":12,"minecraft:dirt":763,"farmersdelight:tomato":7,"minecraft:stripped_birch_log":2,"minecraft:bone":5,"minecraft:apple":3,"minecraft:wheat_seeds":2,"minecraft:raw_gold":10,"minecraft:sand":2,"minecraft:white_bed":2,"minecraft:dark_oak_fence_gate":4,"minecraft:dark_oak_log":134,"minecraft:spider_eye":1,"minecraft:diamond":5,"tacz:modern_kinetic_gun":1,"minecraft:oak_sapling":7,"minecraft:dark_oak_fence":83,"minecraft:coal":9},"minecraft:crafted":{"minecraft:oak_planks":48,"minecraft:smooth_stone":6,"minecraft:furnace":4,"minecraft:blast_furnace":2,"minecraft:stone":6,"minecraft:dark_oak_fence":48,"minecraft:iron_boots":1,"minecraft:iron_axe":1,"minecraft:chest":8,"minecraft:dark_oak_planks":256,"minecraft:smoker":1,"minecraft:deepslate":3,"minecraft:crafting_table":1,"minecraft:iron_helmet":1,"minecraft:iron_sword":1,"minecraft:golden_shovel":6,"minecraft:birch_planks":144,"minecraft:air":0,"minecraft:iron_chestplate":1,"minecraft:stick":120,"minecraft:iron_ingot":153,"minecraft:iron_pickaxe":7,"minecraft:iron_leggings":1,"minecraft:iron_shovel":4,"minecraft:gold_ingot":10,"minecraft:white_bed":1,"minecraft:dark_oak_fence_gate":2,"minecraft:torch":28,"minecraft:shears":1},"minecraft:killed":{"minecraft:spider":2,"minecraft:skeleton":1,"minecraft:zombie":5},"minecraft:dropped":{"minecraft:wheat_seeds":1,"minecraft:apple":1,"minecraft:leather_helmet":1,"minecraft:dirt":16,"minecraft:wooden_axe":1,"minecraft:rose_bush":1,"minecraft:iron_axe":1,"create:raw_zinc":1,"create:ochrum":1,"minecraft:cobbled_deepslate":796,"minecraft:deepslate":3,"minecraft:tuff":127,"minecraft:birch_sapling":6,"minecraft:rotten_flesh":2,"minecraft:leather_boots":1,"minecraft:leather_leggings":1,"minecraft:spider_eye":1,"minecraft:wooden_pickaxe":1},"minecraft:broken":{"minecraft:iron_shovel":3,"minecraft:golden_shovel":6,"minecraft:iron_pickaxe":5},"minecraft:custom":{"lootr:looted_stat":7,"minecraft:mob_kills":8,"minecraft:interact_with_crafting_table":21,"minecraft:leave_game":2,"minecraft:time_since_death":92219,"minecraft:climb_one_cm":152,"minecraft:sprint_one_cm":234509,"minecraft:walk_one_cm":394841,"minecraft:drop":32,"minecraft:play_time":129149,"minecraft:deaths":1,"minecraft:sneak_time":4177,"minecraft:walk_under_water_one_cm":859,"minecraft:jump":1198,"minecraft:interact_with_blast_furnace":6,"minecraft:walk_on_water_one_cm":16965,"minecraft:total_world_time":129149,"minecraft:interact_with_furnace":13,"minecraft:sleep_in_bed":1,"minecraft:time_since_rest":92248,"minecraft:waystone_activated":2,"minecraft:damage_taken":1128,"minecraft:damage_dealt":1762,"minecraft:swim_one_cm":4008,"minecraft:fly_one_cm":159920,"minecraft:open_chest":63,"minecraft:crouch_one_cm":7675,"minecraft:interact_with_smoker":4,"minecraft:fall_one_cm":21231},"minecraft:mined":{"minecraft:dark_oak_planks":3,"create:deepslate_zinc_ore":2,"minecraft:tuff":127,"farmersdelight:onions":9,"minecraft:white_bed":1,"minecraft:dark_oak_leaves":34,"minecraft:deepslate_diamond_ore":5,"minecraft:dark_oak_log":10,"minecraft:dark_oak_fence":86,"minecraft:granite":30,"minecraft:grass_block":507,"create:ochrum":1,"farmersdelight:tomatoes":5,"minecraft:cartography_table":1,"minecraft:furnace":1,"minecraft:carrots":24,"minecraft:cobbled_deepslate":3,"minecraft:fire":6,"minecraft:dark_oak_fence_gate":4,"treechop:chopped_log":19,"minecraft:potatoes":7,"minecraft:deepslate_iron_ore":18,"minecraft:stone":241,"minecraft:red_bed":1,"minecraft:smoker":1,"minecraft:crafting_table":4,"minecraft:torch":4,"minecraft:rose_bush":1,"farmersdelight:cabbages":12,"minecraft:cobblestone":1,"minecraft:copper_ore":1,"minecraft:deepslate_gold_ore":10,"minecraft:diorite":12,"minecraft:wall_torch":1,"supplementaries:urn":2,"minecraft:birch_planks":3,"minecraft:birch_log":3,"minecraft:birch_leaves":1,"minecraft:grass":1,"minecraft:coal_ore":9,"minecraft:dirt":662,"minecraft:gravel":2,"minecraft:sand":2,"minecraft:oak_leaves":7,"minecraft:deepslate":920},"minecraft:killed_by":{"minecraft:spider":1}},"DataVersion":3465}