{"stats":{"minecraft:broken":{"minecraft:leather_helmet":1},"minecraft:killed":{"minecraft:spider":2,"minecraft:vindicator":6,"minecraft:skeleton":7,"minecraft:drowned":1,"minecraft:creeper":6,"minecraft:zombie":15,"alexsmobs:terrapin":1},"minecraft:crafted":{"minecraft:iron_nugget":27,"minecraft:furnace":14,"minecraft:stone":256,"minecraft:dark_oak_door":3,"minecraft:iron_boots":1,"minecraft:iron_axe":1,"minecraft:chest":13,"minecraft:dried_kelp_block":7,"minecraft:dark_oak_planks":172,"minecraft:stone_bricks":256,"sophisticatedbackpacks:iron_backpack":1,"create:depot":1,"minecraft:dark_oak_stairs":4,"minecraft:crafting_table":4,"minecraft:iron_helmet":1,"minecraft:iron_sword":1,"tacz:gun_smith_table":1,"minecraft:copper_ingot":7,"minecraft:bucket":3,"minecraft:birch_planks":24,"minecraft:air":0,"minecraft:iron_chestplate":1,"minecraft:charcoal":4,"minecraft:stick":4,"minecraft:iron_ingot":148,"minecraft:iron_pickaxe":1,"minecraft:iron_leggings":1},"minecraft:killed_by":{"minecraft:player":2,"minecraft:creeper":2,"minecraft:vindicator":1,"minecraft:skeleton":1,"minecraft:zombie":1},"minecraft:picked_up":{"minecraft:iron_chestplate":2,"minecraft:crafting_table":1,"minecraft:leather_leggings":1,"minecraft:oak_stairs":2,"artifacts:chorus_totem":1,"minecraft:string":2,"tacz:ammo":324,"minecraft:iron_leggings":2,"minecraft:cobbled_deepslate":3,"minecraft:melon_slice":43,"minecraft:egg":3,"minecraft:iron_boots":2,"minecraft:furnace":1,"minecraft:dark_oak_sapling":4,"minecraft:raw_iron":24,"minecraft:stick":6,"minecraft:copper_ingot":60,"minecraft:torch":1,"create:andesite_casing":1,"minecraft:dried_kelp":72,"create:brass_casing":1,"minecraft:dark_oak_planks":10,"minecraft:arrow":7,"minecraft:rotten_flesh":11,"farmersdelight:hamburger":1,"minecraft:obsidian":1,"minecraft:cobblestone":53,"minecraft:birch_log":6,"minecraft:red_mushroom":3,"minecraft:birch_planks":1,"minecraft:tuff":1,"create:andesite_alloy":9,"minecraft:gunpowder":13,"minecraft:cobblestone_wall":1,"minecraft:cobblestone_stairs":1,"minecraft:lapis_lazuli":47,"minecraft:dirt":20,"minecraft:chipped_anvil":1,"minecraft:bone":3,"minecraft:red_carpet":1,"minecraft:bow":2,"minecraft:raw_gold":3,"farmersdelight:pumpkin_slice":40,"minecraft:iron_ingot":20,"tacz:gun_smith_table":1,"minecraft:oak_planks":4,"farmersdelight:spruce_cabinet":1,"minecraft:poisonous_potato":2,"minecraft:dark_oak_log":55,"minecraft:spider_eye":4,"create:brass_ingot":16,"tacz:modern_kinetic_gun":2,"minecraft:iron_helmet":2,"minecraft:granite":2,"minecraft:emerald":4},"minecraft:mined":{"minecraft:dark_oak_planks":12,"minecraft:tuff":1,"create:andesite_casing":1,"minecraft:cobblestone_stairs":1,"minecraft:dark_oak_log":5,"minecraft:obsidian":2,"minecraft:granite":1,"minecraft:grass_block":10,"tacz:gun_smith_table":1,"minecraft:furnace":1,"minecraft:iron_ore":5,"farmersdelight:spruce_cabinet":2,"treechop:chopped_log":1,"minecraft:deepslate_lapis_ore":3,"minecraft:deepslate_iron_ore":21,"minecraft:oak_stairs":1,"minecraft:stone":1,"minecraft:glass_pane":2,"minecraft:crafting_table":1,"minecraft:melon":8,"create:brass_casing":1,"minecraft:cobblestone":32,"minecraft:lapis_ore":4,"minecraft:deepslate_gold_ore":3,"minecraft:oak_planks":4,"minecraft:wall_torch":1,"minecraft:birch_planks":1,"minecraft:cobblestone_wall":2,"minecraft:birch_log":6,"minecraft:birch_leaves":3,"minecraft:dirt":7,"minecraft:chipped_anvil":1,"minecraft:deepslate":5},"minecraft:custom":{"lootr:looted_stat":3,"minecraft:mob_kills":39,"minecraft:interact_with_crafting_table":42,"minecraft:leave_game":8,"minecraft:time_since_death":10567,"minecraft:climb_one_cm":1679,"minecraft:sprint_one_cm":233934,"minecraft:walk_one_cm":612570,"minecraft:damage_blocked_by_shield":250,"minecraft:drop":36,"minecraft:play_time":187132,"minecraft:sneak_time":1648,"minecraft:deaths":8,"minecraft:walk_under_water_one_cm":3638,"minecraft:jump":910,"minecraft:walk_on_water_one_cm":17332,"minecraft:total_world_time":187132,"minecraft:interact_with_furnace":40,"minecraft:sleep_in_bed":4,"minecraft:time_since_rest":10616,"minecraft:damage_taken":4687,"minecraft:damage_dealt":2576,"minecraft:fly_one_cm":91379,"minecraft:open_chest":71,"minecraft:crouch_one_cm":4227,"minecraft:use_cauldron":2,"minecraft:fall_one_cm":25579},"minecraft:used":{"tacz:gun_smith_table":2,"minecraft:chest":13,"minecraft:shield":6,"minecraft:iron_sword":29,"minecraft:torch":5,"minecraft:dirt":1,"minecraft:cobblestone_wall":1,"create:depot":1,"minecraft:dark_oak_planks":17,"minecraft:wooden_axe":2,"minecraft:chipped_anvil":1,"minecraft:iron_axe":72,"minecraft:furnace":15,"minecraft:egg":2,"farmersdelight:hamburger":1,"minecraft:birch_planks":10,"minecraft:oak_planks":4,"minecraft:crafting_table":5,"minecraft:dark_oak_door":2,"minecraft:diamond_pickaxe":72,"minecraft:dark_oak_log":1,"minecraft:bread":31,"minecraft:melon_slice":7,"minecraft:iron_pickaxe":21,"minecraft:cobblestone":1,"farmersdelight:spruce_cabinet":1,"minecraft:bucket":3},"minecraft:dropped":{"minecraft:poisonous_potato":1,"minecraft:iron_helmet":2,"minecraft:cobblestone":3,"minecraft:granite":1,"minecraft:dirt":2,"minecraft:iron_leggings":2,"minecraft:oak_stairs":1,"tacz:modern_kinetic_gun":1,"minecraft:iron_boots":2,"artifacts:chorus_totem":1,"minecraft:iron_chestplate":2,"minecraft:leather_leggings":2,"create:brass_ingot":9,"minecraft:spider_eye":3,"create:brass_casing":1,"minecraft:arrow":1,"minecraft:bow":1,"create:andesite_alloy":7}},"DataVersion":3465}